id,batch,case_id,label,seed,variant,source_config,source_config_sha256,config,target,continuation
run_001,6,five_001_nursery_manager,Local-only,42,,outputs/five_001_nursery_manager/image_past_seed42/local/config.json,d25c7db6f2a30f8a3f64d00769f1dbd1c89e5d6dd0bedc9c1308016eb11145fb,records/outputs/five_001_nursery_manager/image_past_seed42/local/config.json,media/videos/4355ba851305f767e18fdab78920feebc207c673744939b9a927ab038cbd11cb.mp4,media/videos/2b0d62e5ea9af1cc627989626aba153af3126a79e19b4006b4171b563b7f7711.mp4
run_002,6,five_001_nursery_manager,Oracle · Video-Past,42,,outputs/five_001_nursery_manager/image_past_seed42/oracle/config.json,d02c49fab5243d4e829093a0160276945cfa94720cbca04b4becfc78ae3ce99e,records/outputs/five_001_nursery_manager/image_past_seed42/oracle/config.json,media/videos/925a2cf99fad45b782daff79de99f724aaed6e2e162c972d762a1cb6b09cfbf8.mp4,media/videos/71d5ab3efa626846f5c85357484099dc6ec9cce9503162746d2d4861929d3e3c.mp4
run_003,8,five_001_nursery_manager,Oracle · Image-Past,42,P1,outputs/five_001_nursery_manager/prompt_control_seed42/P1/image_past/config.json,96e10771c04da6d096aa0aafeca0ea8e4ea226b22497a183caa74fb817009904,records/outputs/five_001_nursery_manager/prompt_control_seed42/P1/image_past/config.json,media/videos/35b7c5e6c891f484daac90ae63c18adf74ec1d3b41fadae4c5944b0bb5d3f7dc.mp4,media/videos/1ee71e3cab6b797167b27b98f4c3bcb7a34311a1943071c9b43df1b8262fdbe9.mp4
run_004,8,five_001_nursery_manager,Local-only,42,P1,outputs/five_001_nursery_manager/prompt_control_seed42/P1/local/config.json,10fc66e3bba62a28e213c6ca60b52b99e318cb1706f8f1f4277172071b306d7e,records/outputs/five_001_nursery_manager/prompt_control_seed42/P1/local/config.json,media/videos/acb6cdc3c9615d14b54af013cc16877b7c672d9ffa9ac49fd5007916cc1adda4.mp4,media/videos/1ba288474084161f33a6529432f577319249a64c8a82f229a790ba2b311204e6.mp4
run_005,8,five_001_nursery_manager,Oracle · Video-Past,42,P1,outputs/five_001_nursery_manager/prompt_control_seed42/P1/video_past/config.json,f1465b0633fafa2b59942e3697860c1446ba0b333b2b4588b8a768a68fa9a9bb,records/outputs/five_001_nursery_manager/prompt_control_seed42/P1/video_past/config.json,media/videos/1bc15211f7b3de59ccd919b1a8ce7325e9bcb91320ddb51a0bda6f9a8fcedf37.mp4,media/videos/a309b2fa144f2b857403c644bf45c7278efe1110193147d77ab0d09739b8f049.mp4
run_006,8,five_001_nursery_manager,Oracle · Image-Past,42,P2,outputs/five_001_nursery_manager/prompt_control_seed42/P2/image_past/config.json,0d63f1ae7c6f30733784b652677dd2281f0fd8733d0f6a72fd50c18b1810f88d,records/outputs/five_001_nursery_manager/prompt_control_seed42/P2/image_past/config.json,media/videos/87f5afd6adeeda5478615817cd3798a75c2cacf549a096a0e68f8bb37917ef06.mp4,media/videos/1878545869f6ce030240cf4a6c10114313d918d83e578be6f692c22eabfe87ca.mp4
run_007,8,five_001_nursery_manager,Local-only,42,P2,outputs/five_001_nursery_manager/prompt_control_seed42/P2/local/config.json,60035fe4e1408f5203ddee122a62545408d9611c845c5385be0a183a02ae5cd7,records/outputs/five_001_nursery_manager/prompt_control_seed42/P2/local/config.json,media/videos/eb10b21f92159e20fe9e85ec0a8902315759a25f9d0c586975151f03508f7b71.mp4,media/videos/a5ba6bda62ec86175198348a81e8128545960e6cc624cf0e310f9d75096006ce.mp4
run_008,8,five_001_nursery_manager,Oracle · Video-Past,42,P2,outputs/five_001_nursery_manager/prompt_control_seed42/P2/video_past/config.json,519b882febaa9b7266aa600fe1764c0367775939f1104f5411931b23e0cccc80,records/outputs/five_001_nursery_manager/prompt_control_seed42/P2/video_past/config.json,media/videos/16bcd1d09f3852480be18ca0a04df10e9c30bfc5df06f4359eb8ddd128a71ba9.mp4,media/videos/e0f669982f91f8fc6cb9d03fb1b30a7f5f6e165a5588b73cecea7a6a2184f8fe.mp4
run_009,8,five_001_nursery_manager,Oracle · Image-Past,42,P3,outputs/five_001_nursery_manager/prompt_control_seed42/P3/image_past/config.json,29fd313f92007e219d7834f06b7839b7e6837a5c55f66da1e0560a2bb264dcae,records/outputs/five_001_nursery_manager/prompt_control_seed42/P3/image_past/config.json,media/videos/5240ff0ed412fbf2b3cd459557a70cdc18b2c5c82bd4f98041f8d2e56fb8f7e6.mp4,media/videos/dc62133fd24f173ed5fd583a8d9f9ce6f62423a3e08ef3f3db1c04ff0a9c0d92.mp4
run_010,8,five_001_nursery_manager,Local-only,42,P3,outputs/five_001_nursery_manager/prompt_control_seed42/P3/local/config.json,8c091596db8b792a9210d68996fba1cc9d6517adc5c7d3ffa2bac93aa6cc5fb5,records/outputs/five_001_nursery_manager/prompt_control_seed42/P3/local/config.json,media/videos/2879bc6af39418e2a0bb6a5658d47cd844e2ebbff8cc83e387777f88a528f095.mp4,media/videos/fbd73192810004487c24ab5ed46397b41a7398e989fa9b358883999ff0b25152.mp4
run_011,8,five_001_nursery_manager,Oracle · Video-Past,42,P3,outputs/five_001_nursery_manager/prompt_control_seed42/P3/video_past/config.json,5e57ee0737cfcad42d7b8070d9f823df8d9f86ccaaa46fc9532cba0bc86bb318,records/outputs/five_001_nursery_manager/prompt_control_seed42/P3/video_past/config.json,media/videos/a091904c3f308dae877a760a286051488d943a0429c501df6b7472a2deb1bece.mp4,media/videos/a148e449b4b79bf4308c0df902922fce455e6a18749b53b0ef30e01b7575eb3e.mp4
run_012,7,five_001_nursery_manager,Oracle · Image-Target,42,,outputs/five_001_nursery_manager/reference_grid_seed42/image_target/config.json,77a60fe888d8a581fbfa1f3b4578f5a75b3df420ff179be8e1025957fdf93efe,records/outputs/five_001_nursery_manager/reference_grid_seed42/image_target/config.json,media/videos/1ed1bbd9440b19649031cff96979d6fc054ff13451c91a532532a63c66a3d3a3.mp4,media/videos/5ce6bcb17cadf2ea4170afa4ac61eee16dbead22613712fa8ba5c2a0ecfa248a.mp4
run_013,7,five_001_nursery_manager,Oracle · Video-Past,42,,outputs/five_001_nursery_manager/reference_grid_seed42/video_past/config.json,0b65f3f51e14420ca4133772ad696cc1a7179d355f0d639188b7e4d18af8d843,records/outputs/five_001_nursery_manager/reference_grid_seed42/video_past/config.json,media/videos/2394e7ea41575d24a91f2831c1c4bb81660f7de5d3ed34e972d13f58c3ed6d14.mp4,media/videos/108a214fa44bc16a9d1140ac9a6b25e0b857fafe93e84330765a8dd84be4a3c4.mp4
run_014,7,five_001_nursery_manager,Oracle · Video-Target,42,,outputs/five_001_nursery_manager/reference_grid_seed42/video_target/config.json,1ff5ba6b470fb0c4e57a34ef228069e9c569519f64b7e28757125613397d1a5e,records/outputs/five_001_nursery_manager/reference_grid_seed42/video_target/config.json,media/videos/37651ea2f0a9a3108cee2167c516d8b82e95e74dfbc4f9acd0a7430995526af9.mp4,media/videos/4388a533eed018ba5ea26d17923ca1efae755ddafe7bec755b329e69effb2e9d.mp4
run_015,6,five_002_robot_head,Local-only,42,,outputs/five_002_robot_head/image_past_seed42/local/config.json,11fdc49234bef37704eccbce73b7557fb2f22384503c4c8666150d77070b35c1,records/outputs/five_002_robot_head/image_past_seed42/local/config.json,media/videos/4a0c89a0f12fcea5df162189cc7442cef5e954fdf595e51a1c39d17480e31ae1.mp4,media/videos/2a7803c4fbea9868dffa3fc4a4c040f252f219fc0d7ca4bc7e44c5cafa165d22.mp4
run_016,6,five_002_robot_head,Oracle · Video-Past,42,,outputs/five_002_robot_head/image_past_seed42/oracle/config.json,551949e0b223242612c26ea50baed64bd55de55714d2a313c819486256c63420,records/outputs/five_002_robot_head/image_past_seed42/oracle/config.json,media/videos/2dd4d40f74bf9c0403fcec03711e3d394dfd3325b7359cb6be3174d52e2b2368.mp4,media/videos/e8e96399bf10563ed1b72a4b14be2442da558e2f2046be6bb5fd7ed5db60a4e0.mp4
run_017,8,five_002_robot_head,Oracle · Image-Past,42,P1,outputs/five_002_robot_head/prompt_control_seed42/P1/image_past/config.json,40a6d9bbebdd2df1a61e379387b7c0ee54d3af5e79591f4e5b3e715154162d65,records/outputs/five_002_robot_head/prompt_control_seed42/P1/image_past/config.json,media/videos/157f0abba39a9d8a2ff85957e4ff1fc5331c4e068a7a69896ed168e6d4979ee6.mp4,media/videos/18c8744c67489b96fe3399e3f267c09a6967a868aad5b1c9ee0d2f42f05f6338.mp4
run_018,8,five_002_robot_head,Local-only,42,P1,outputs/five_002_robot_head/prompt_control_seed42/P1/local/config.json,0b965fad609c808e3a08cec80ba942ee8ab5c15e18f9da89dd37e5f2c1156226,records/outputs/five_002_robot_head/prompt_control_seed42/P1/local/config.json,media/videos/d48512b4075b32769e8482ad7fd50bade4abe77f397521cea7589fbe644ae6a7.mp4,media/videos/6809235feaca545fb01fa0e2b765fdebc2019d72a06b18c369f35b9ea68e5224.mp4
run_019,8,five_002_robot_head,Oracle · Video-Past,42,P1,outputs/five_002_robot_head/prompt_control_seed42/P1/video_past/config.json,c5b909bdd2c58b2c751f0bc01a38b906873325badd014c1e8f27da69c9f7085c,records/outputs/five_002_robot_head/prompt_control_seed42/P1/video_past/config.json,media/videos/2db7fd84f771e51eb368efaef9ac684eddc24c1a9569cf3edc2bd881268682c1.mp4,media/videos/ee495abd32bb64978d681f2225cbe25b9789b28f2d4ff398393d4a798c5d9a1d.mp4
run_020,8,five_002_robot_head,Oracle · Image-Past,42,P2,outputs/five_002_robot_head/prompt_control_seed42/P2/image_past/config.json,e12db488b5107190aecdacbe790f902e68fcc220eb5c69c0145bb5d06807e46d,records/outputs/five_002_robot_head/prompt_control_seed42/P2/image_past/config.json,media/videos/ea27275adaa98fb602ffeadf5dc43784cf9d397acd74b6c1dae3dda380709fa9.mp4,media/videos/5556c18aee561be7956c5ff9f1871ec97da364e405a93957d32c142e5d3deef0.mp4
run_021,8,five_002_robot_head,Local-only,42,P2,outputs/five_002_robot_head/prompt_control_seed42/P2/local/config.json,04d19d752bd20715edcaf9d9f77290873182a14d25db15b1c2727341a70164a1,records/outputs/five_002_robot_head/prompt_control_seed42/P2/local/config.json,media/videos/0d5144bfe4521182beb428f4f449c74d886e6bfa01a886d63dc853256c13d174.mp4,media/videos/39e99540944b0697c1b84dc4250cd80458383048fccc637e3345d3f6ec75a613.mp4
run_022,8,five_002_robot_head,Oracle · Video-Past,42,P2,outputs/five_002_robot_head/prompt_control_seed42/P2/video_past/config.json,f0c4c7cd7d37ff1d5ab77911743a0f2d041c597a9d80098d19e674216603d7e6,records/outputs/five_002_robot_head/prompt_control_seed42/P2/video_past/config.json,media/videos/0a871665e2075565b93bafa51366aa81e715aef4048e84fe58f77fc8cbf13843.mp4,media/videos/eef0a604b950b40aa85ffbfcd364e918fac24e457b13b7b64d2a92cd40acefdf.mp4
run_023,8,five_002_robot_head,Oracle · Image-Past,42,P3,outputs/five_002_robot_head/prompt_control_seed42/P3/image_past/config.json,3f8e227c3e6b007d935448f5c452fc45bbd47337b3a524649f29fd9430980153,records/outputs/five_002_robot_head/prompt_control_seed42/P3/image_past/config.json,media/videos/4358ad93f79296956b45e6ec945b7b6f7d744087c7421cf103a74b9214832c9c.mp4,media/videos/9db49def796f165ffd2e1f40b08e7fb94c2351c04c6f2a7c22f753df7b8f65da.mp4
run_024,8,five_002_robot_head,Local-only,42,P3,outputs/five_002_robot_head/prompt_control_seed42/P3/local/config.json,addfbf4b29ddabdb9d150eee60c19f395dd28ef5eb5d988ff3bc569dda751d4c,records/outputs/five_002_robot_head/prompt_control_seed42/P3/local/config.json,media/videos/c60d3cc7adf752d866446de5cfbe3480e46aa52005fb1e92219470b00f799941.mp4,media/videos/26dd2a2f87cc85ffe0edaba005547c7b53d8162756e1a7d6cbdff8349f198ca7.mp4
run_025,8,five_002_robot_head,Oracle · Video-Past,42,P3,outputs/five_002_robot_head/prompt_control_seed42/P3/video_past/config.json,7c3a53649d64aad501c2d7f40aa73a8235d81514332e07012f2691ab9d70ad64,records/outputs/five_002_robot_head/prompt_control_seed42/P3/video_past/config.json,media/videos/6a96ad107859e2bea51743c1be495b87698ec868f2ec3871044bf78d68fc4bee.mp4,media/videos/6e54175cbc726c2686e6fad44843bfa06f124d66b5dee41e6d1bd30b94464e7d.mp4
run_026,7,five_002_robot_head,Oracle · Image-Target,42,,outputs/five_002_robot_head/reference_grid_seed42/image_target/config.json,2ff3c9c950888fe6d935c0d0182f73291f7ea9e54dce252c3aa0e2c9d61bae16,records/outputs/five_002_robot_head/reference_grid_seed42/image_target/config.json,media/videos/344a9ff92b353c872f2b9771591755b0f04a2875e63ca42aa211003dc21f95f1.mp4,media/videos/376c0c1cfbb2a4211658a23cb51440f4036666985f2b56b32f5413ba4356c76f.mp4
run_027,7,five_002_robot_head,Oracle · Video-Past,42,,outputs/five_002_robot_head/reference_grid_seed42/video_past/config.json,b9fcedc5fcb1dbe9e2d39c38d343ffa27cff024fc69913755d3fdba40649a42c,records/outputs/five_002_robot_head/reference_grid_seed42/video_past/config.json,media/videos/c48aa7d4f054f19541a9ade2e22f3cc4ebe90ccc35aaf1efa96200cb89f620b8.mp4,media/videos/6cca90e58a1da2887bb6ccb7fea1d68c01b497dc22a984f9732771c6fc880862.mp4
run_028,7,five_002_robot_head,Oracle · Video-Target,42,,outputs/five_002_robot_head/reference_grid_seed42/video_target/config.json,3b8c721fed8e3b4ca68da69358b6ad2e33364236598caf584b025f33f4501a49,records/outputs/five_002_robot_head/reference_grid_seed42/video_target/config.json,media/videos/e2b115a02d0047c4ff057c2ae18af52c82669b2ab189c5b49c0d5dbcd1a94ee8.mp4,media/videos/4f9b448385f1dad6fcbc7d925ac17d8c84c254899c17580161d84987d30a9e3c.mp4
run_029,6,five_003_student_return,Local-only,42,,outputs/five_003_student_return/image_past_seed42/local/config.json,219555b96349664a2937223fbb3a0027313eb3ecfc84ad1af2cb5fc59aedef37,records/outputs/five_003_student_return/image_past_seed42/local/config.json,media/videos/e059247af6cb72c7a374965e5616394854a3e3f45b1d071cae59fef62e754f9c.mp4,media/videos/902a597d3c5ffff0b9146c56ded7575a78c31a73a08797e6b0eecfa5fffcdd0e.mp4
run_030,6,five_003_student_return,Oracle · Video-Past,42,,outputs/five_003_student_return/image_past_seed42/oracle/config.json,d5279ec668be653234b9ea39594626007d0b9c25a9961be0edf185aca75d1e35,records/outputs/five_003_student_return/image_past_seed42/oracle/config.json,media/videos/fd0d5f3324907e9e0bc14ccab462165a06833c78e05a9a49f79897a6018ad280.mp4,media/videos/fdc028bea34bffecea66c58f5874fa28d6272953d0178b3aa59fa346d6351ce0.mp4
run_031,8,five_003_student_return,Oracle · Image-Past,42,P1,outputs/five_003_student_return/prompt_control_seed42/P1/image_past/config.json,6731830cad637e0f2d483ee32f4cac26f8d8a1076eb53774a4c23235927118d7,records/outputs/five_003_student_return/prompt_control_seed42/P1/image_past/config.json,media/videos/2263bf971ad444416ce6e336aa2150b2a69be092047d37b58fe9373b38d486b9.mp4,media/videos/0db0bd7da64fa15e1aadae2baa16356dfdac0ab9b9ba9da4d650233d325f4f17.mp4
run_032,8,five_003_student_return,Local-only,42,P1,outputs/five_003_student_return/prompt_control_seed42/P1/local/config.json,c4ab333f81c1cd132c50372430788f377006c575f7608dc134204e8ee1bd97bd,records/outputs/five_003_student_return/prompt_control_seed42/P1/local/config.json,media/videos/5ebf5c7abfb8b6f2b442aa915e2bf1d8e6dad1ff3d82efcbe4c510b8970bb96f.mp4,media/videos/952eaaf21c964dac6d57b938c9577000ed51eff4d8d6a193e31917476c3bb5b4.mp4
run_033,8,five_003_student_return,Oracle · Video-Past,42,P1,outputs/five_003_student_return/prompt_control_seed42/P1/video_past/config.json,94de7a3efcc5ff83b382101717c04bcc603af9cc5e905dd9b83021c1dcd1dd16,records/outputs/five_003_student_return/prompt_control_seed42/P1/video_past/config.json,media/videos/f969759afe612730769669b611d8ffea1b35f2f0f9abaa62939eac8ad519c332.mp4,media/videos/57e8eb0afc4f6a7f3193e84208de6652195e8c7e086ae62dd571138d82ae0fb6.mp4
run_034,8,five_003_student_return,Oracle · Image-Past,42,P2,outputs/five_003_student_return/prompt_control_seed42/P2/image_past/config.json,eb7258c68ca935913c2879795c6dd068c431c41deff32a7ace4dd622605d382b,records/outputs/five_003_student_return/prompt_control_seed42/P2/image_past/config.json,media/videos/995f9e988555fdd4362f07b7d5b2635aa64631b178e03a5ad8cdc21ad2911be0.mp4,media/videos/3d75f901d6e53a75cd0b74c238c03eb11abb62c3004b37f4fa79abc8ec7d6b13.mp4
run_035,8,five_003_student_return,Local-only,42,P2,outputs/five_003_student_return/prompt_control_seed42/P2/local/config.json,bbdfd9a5342c50bb4bde1005c0da1a60a32aff1c797d8d7ecf91c632e1f3c737,records/outputs/five_003_student_return/prompt_control_seed42/P2/local/config.json,media/videos/914d11d8c9a2eb5b3c7b41451cd777f96375006a1bd634144743adc5b8773ed3.mp4,media/videos/b339050a62dabbb67dcefd19e31c1f561b3f5b3350dd686e6c64ca9497801c6f.mp4
run_036,8,five_003_student_return,Oracle · Video-Past,42,P2,outputs/five_003_student_return/prompt_control_seed42/P2/video_past/config.json,6cde394819f8dbfc9cbb4b98840512b51c1abc68453264533e16abe45b10a7e6,records/outputs/five_003_student_return/prompt_control_seed42/P2/video_past/config.json,media/videos/cae06ba31d338760e3ef0b9e463915c1d9ae5405f78377d9e1bafe5d63992418.mp4,media/videos/2e2540814b0a13864de1fafece0ddc29d61b6cfbb8184ad148a6360e98ab0b9f.mp4
run_037,8,five_003_student_return,Oracle · Image-Past,42,P3,outputs/five_003_student_return/prompt_control_seed42/P3/image_past/config.json,aaacac30286e8ace80edb0bd8247f08aab3793e1b0eb6cded3616ad3e4cd0b0f,records/outputs/five_003_student_return/prompt_control_seed42/P3/image_past/config.json,media/videos/71da72acd78039a3d204ab9372e7fc21c02f68fabbf1a453aaa48ac8855dbb48.mp4,media/videos/4de780337372a3d99cbcf70c5e9ec327ac922ceae67107be1ae1723767e8c4a7.mp4
run_038,8,five_003_student_return,Local-only,42,P3,outputs/five_003_student_return/prompt_control_seed42/P3/local/config.json,2eaff091b2111263ba8ce474933d45e7718a25b3933f1b925dfbdae3cccb832b,records/outputs/five_003_student_return/prompt_control_seed42/P3/local/config.json,media/videos/cce1914b28e218d0fc3a738479d33bfaa55c27ec3fcd992d05766b62008b3b95.mp4,media/videos/4190d657169a26757724c663ee8778865650051123cf3018d847f398af640f1c.mp4
run_039,8,five_003_student_return,Oracle · Video-Past,42,P3,outputs/five_003_student_return/prompt_control_seed42/P3/video_past/config.json,a92b99a960789a3713e730b1986c976dc5379b7d4c1b1f10e1c2e7d3efbd8bcf,records/outputs/five_003_student_return/prompt_control_seed42/P3/video_past/config.json,media/videos/0460b2fd36d3a2fb4701087ec9029e6e3afbd9dc2dc8165e2b26043358b49a46.mp4,media/videos/a30cdf69387d2ac337e8c632541ed0802c75db77a1308442ff5acf36c0f6f61a.mp4
run_040,7,five_003_student_return,Oracle · Image-Target,42,,outputs/five_003_student_return/reference_grid_seed42/image_target/config.json,d7f948c443a7fd596ac8ab573c00307a600eeb1b9d623826d07d0a3095bfd2f3,records/outputs/five_003_student_return/reference_grid_seed42/image_target/config.json,media/videos/ed218af967f9c2aa7db50a74f726128184da0042ed37c5ae1277db3c38781274.mp4,media/videos/a63f585764458aea0b508f8e51d81db3e3b4a6d8495c64c85aa52a6898bb1da2.mp4
run_041,7,five_003_student_return,Oracle · Video-Past,42,,outputs/five_003_student_return/reference_grid_seed42/video_past/config.json,9a210b8c0ea9677d1ceebe0c4ba8e6c1e8130d8ede0e5c6547c0c303ee7e6bbb,records/outputs/five_003_student_return/reference_grid_seed42/video_past/config.json,media/videos/f0fc35209ffce27aaae40e176bb6f64b1848be97c31ec57ce834e2efb25ccdeb.mp4,media/videos/0c08e8381316c6491b23e893874dd212af88efa9f4339d1504e6df3404798d72.mp4
run_042,7,five_003_student_return,Oracle · Video-Target,42,,outputs/five_003_student_return/reference_grid_seed42/video_target/config.json,920156e2089a80e455f5dcf4aaef62678012487570b13178f592ec870c971594,records/outputs/five_003_student_return/reference_grid_seed42/video_target/config.json,media/videos/aea8ab26e241b058235ba9f7f16f70b54c97f3dbe4b72ef5e6bb23c7be615b87.mp4,media/videos/3d4589acbdf759ad395d28d80831d84735a7329c0c2899de2fa1238c79fbf8c8.mp4
run_043,6,five_004_van_exterior,Local-only,42,,outputs/five_004_van_exterior/image_past_seed42/local/config.json,9b348fe0c155d42821b61dc3eb3b013cea42a32695cf0b4702fbbc144473af5c,records/outputs/five_004_van_exterior/image_past_seed42/local/config.json,media/videos/19b428a4d2ccce5d75bcf07bcb960848c4a164f477aba0ca1074f00b25d6d6ac.mp4,media/videos/d649c384ed1838007fd91f370a46fda4284556c71718ce5c8f7941ccd656bd0d.mp4
run_044,6,five_004_van_exterior,Oracle · Video-Past,42,,outputs/five_004_van_exterior/image_past_seed42/oracle/config.json,3c444d984f4c8ac123074d0b62e3913f1188e8eee99657b08c27d53be9f9a226,records/outputs/five_004_van_exterior/image_past_seed42/oracle/config.json,media/videos/db8048153744ff0655b43d50af02cdb2eac672c257c8facab712a4677b595cc9.mp4,media/videos/6535911ac31f5aca75de0910d61a989e21a02aaa9fd19565d46c5188a9a5dfca.mp4
run_045,8,five_004_van_exterior,Oracle · Image-Past,42,P1,outputs/five_004_van_exterior/prompt_control_seed42/P1/image_past/config.json,4f2fdffaf50df70b64cf706d47711d4a5ecbcc373f103e922ab53dfa304d444a,records/outputs/five_004_van_exterior/prompt_control_seed42/P1/image_past/config.json,media/videos/7b7ce83758a7aab2794a2225c87f05daaa8a1e73da35685d8f3571cf35f4df56.mp4,media/videos/d4c9f2b9f5e6d35a80e671f63a45ad25cba8eb945f1986657855aa3036844e2d.mp4
run_046,8,five_004_van_exterior,Local-only,42,P1,outputs/five_004_van_exterior/prompt_control_seed42/P1/local/config.json,58813e6fa09315b35f9e71aa3938c21c428ec70492df7261a202d7a5f05efc01,records/outputs/five_004_van_exterior/prompt_control_seed42/P1/local/config.json,media/videos/4b16b5a2cef99873f270af708235d79c955f37992e09a0ce78e10908f0882080.mp4,media/videos/a4336db91ba24893ab1f7989457b1f00f7960e2e1072586aad67798e978722da.mp4
run_047,8,five_004_van_exterior,Oracle · Video-Past,42,P1,outputs/five_004_van_exterior/prompt_control_seed42/P1/video_past/config.json,e36cea9d5463483068a95ea090851db56d1e5f27d7c26b0c37a3215db681c059,records/outputs/five_004_van_exterior/prompt_control_seed42/P1/video_past/config.json,media/videos/193bb27b6fc0b914ffacc7d91ed7d595c856001525d7a0f0a3c12d98c12a97c8.mp4,media/videos/33f3a77970684d430a27dfca2c005877f5f6ae9440c1dd92ac62dd9a0a79af70.mp4
run_048,8,five_004_van_exterior,Oracle · Image-Past,42,P2,outputs/five_004_van_exterior/prompt_control_seed42/P2/image_past/config.json,3b25a7ab88fad74edcf7993ac6b3fa75486aed795665b87ddd09f3725409cddc,records/outputs/five_004_van_exterior/prompt_control_seed42/P2/image_past/config.json,media/videos/6f9db90dcf44a0d4863a805b5fb1a6ff995a5ed82431a740ffe5127f2f9716f0.mp4,media/videos/441a8cb5b9f3d6f20e88dc3fb9249cbe0adc22eccf771afaf6898f19ca5a3723.mp4
run_049,8,five_004_van_exterior,Local-only,42,P2,outputs/five_004_van_exterior/prompt_control_seed42/P2/local/config.json,303a93553092fcca541b2fccb9661c5556ee27bb7c919d8c94f8d51410e58491,records/outputs/five_004_van_exterior/prompt_control_seed42/P2/local/config.json,media/videos/77f4680912ddef57e3ae0d1a059c3784a2b70dbc2e1976cc24a787d521521538.mp4,media/videos/27d43afa77243644d99cf03ce8a90dbbcb6b16146ac5d326e6d99eddc97ce40d.mp4
run_050,8,five_004_van_exterior,Oracle · Video-Past,42,P2,outputs/five_004_van_exterior/prompt_control_seed42/P2/video_past/config.json,a803500bd26f7a1bdffedaed4ab58b094bb6510c0a1e9a8ac35af42b5595ddb5,records/outputs/five_004_van_exterior/prompt_control_seed42/P2/video_past/config.json,media/videos/72392ecdc8c8e60bdd544a4b62ea2244b7d9b553b5aa55464d0c579cfe84b1c5.mp4,media/videos/b27013508dcf48f667d4238e2d4da71126830d2aaf9d14f14037aedcf81b8ed0.mp4
run_051,8,five_004_van_exterior,Oracle · Image-Past,42,P3,outputs/five_004_van_exterior/prompt_control_seed42/P3/image_past/config.json,83938834d879ef1bc8116cf517d75ed46affcf34b9642fa4aa7c76386eedb370,records/outputs/five_004_van_exterior/prompt_control_seed42/P3/image_past/config.json,media/videos/352c31528d62c2bcc0fa7fc102d4b91230b9e9bb7313f740457f88cf279d4e3c.mp4,media/videos/709a0b8b436ddba3c2ad5989592290ef990a5ff6cb1f59e401fe67e578918273.mp4
run_052,8,five_004_van_exterior,Local-only,42,P3,outputs/five_004_van_exterior/prompt_control_seed42/P3/local/config.json,1b2de21de5784bd3be8430f810f50ca5d0e08a12e2b5ea07466db9f04a82e78b,records/outputs/five_004_van_exterior/prompt_control_seed42/P3/local/config.json,media/videos/6751f3dede839dff2166f316fad20c28f6df1ad180bad311fe8d4417dc927069.mp4,media/videos/d31cad3594d9b1ad41840712a6c45f6c322c528ea3c9dd9a997f9fe75dd3298d.mp4
run_053,8,five_004_van_exterior,Oracle · Video-Past,42,P3,outputs/five_004_van_exterior/prompt_control_seed42/P3/video_past/config.json,25bc4f3f363453723995485eaed5d76fcdb8d589f82138e45a3efc996097dab9,records/outputs/five_004_van_exterior/prompt_control_seed42/P3/video_past/config.json,media/videos/6acd7684c6a4b642d24177f14f1b88da53bbe49e9e0c592834a14c559fc6ace8.mp4,media/videos/fc687028f225403d2c1c8a50d25665dc32756fa3707776da15a41906c68f51ff.mp4
run_054,7,five_004_van_exterior,Oracle · Image-Target,42,,outputs/five_004_van_exterior/reference_grid_seed42/image_target/config.json,3ebfb0cd64d8bd8151edd0da907951a1a619e106fa569b486c439082dca1e6b7,records/outputs/five_004_van_exterior/reference_grid_seed42/image_target/config.json,media/videos/777aa014a89e585a2d4e17a5afe9b18ca3a28526a741461c28f20df814a638ae.mp4,media/videos/e9879a442c259d63ab93244e052399c85223c5bf53a971c939e839d27c75ef31.mp4
run_055,7,five_004_van_exterior,Oracle · Video-Past,42,,outputs/five_004_van_exterior/reference_grid_seed42/video_past/config.json,8d58293e7a6104dd6b0fe478a0e24d12f1a0b6b6b19d81550fa7e06a58d6bbd6,records/outputs/five_004_van_exterior/reference_grid_seed42/video_past/config.json,media/videos/b1253c3ffc2ec2ff4d6fa36c3be535dac0865efb01ac6e1b4ae6873a568df09f.mp4,media/videos/989e109b86dac45f5674ff7490f0dd4c0c219930acdbcfbf870e8a480145229f.mp4
run_056,7,five_004_van_exterior,Oracle · Video-Target,42,,outputs/five_004_van_exterior/reference_grid_seed42/video_target/config.json,e83c8396314078a1ad1c9c4892835fec59ecff96c1759436828381d281f3565a,records/outputs/five_004_van_exterior/reference_grid_seed42/video_target/config.json,media/videos/32d97f7a1ab9ad441daf350b0164718a8b01f06d17de02e509207ae92fd52e29.mp4,media/videos/eb93b0fab3c3ee1403945672126d7214d8f0849d0af21e3e3a96bb55b1c691b0.mp4
run_057,6,five_005_conservator,Local-only,42,,outputs/five_005_conservator/image_past_seed42/local/config.json,2f0cdb7c728a392220f2c43b62e74f15bc03636983d8a1df13ef549f7c5c063e,records/outputs/five_005_conservator/image_past_seed42/local/config.json,media/videos/005b3bfdcb07fe347b149c349026cb1ed3da658e6a61301bff8b365760d550a8.mp4,media/videos/26bfc5f6b951f591a7492bb58c1ea5fa206ea75d116f7f4d5b7a3c7ac68a3e7d.mp4
run_058,6,five_005_conservator,Oracle · Video-Past,42,,outputs/five_005_conservator/image_past_seed42/oracle/config.json,f6fa26a481b48053254652b53cb0e065dca60ed833ef003b4f7d092875486d3a,records/outputs/five_005_conservator/image_past_seed42/oracle/config.json,media/videos/49514a10a20a205616e9881ebc65efcb22e910ac7fe9488509cc486034b08842.mp4,media/videos/785b1d602705b182d4ad285f1a8a89e93eacca77dc90d40c26c1201051ebddad.mp4
run_059,8,five_005_conservator,Oracle · Image-Past,42,P1,outputs/five_005_conservator/prompt_control_seed42/P1/image_past/config.json,667d567dd2c3e2ad9623e25be62790870e8f01ae0b760acfea1039c13ede9f31,records/outputs/five_005_conservator/prompt_control_seed42/P1/image_past/config.json,media/videos/e9fe67137d4e903fc64b8be2b2276e577ed4bf00bd32f5af2a0e5267de8b381f.mp4,media/videos/3d1dd9b99309277c724e51e0e6b8547ea743fe7381d3a7ae3c5f3826b6bc7d40.mp4
run_060,8,five_005_conservator,Local-only,42,P1,outputs/five_005_conservator/prompt_control_seed42/P1/local/config.json,1a8be3cd8a518b5a5d35e76b8873531d10b9e9c796eafe5f02461f84daf0b8c9,records/outputs/five_005_conservator/prompt_control_seed42/P1/local/config.json,media/videos/cc25faff53df883ea55b20cf0778bcb0575fc84529d6a7ee5f384f5dbc3450f9.mp4,media/videos/075d88b6ddb024280906c90920bf71aaf4cb14bd62762853d3e2d22093e31633.mp4
run_061,8,five_005_conservator,Oracle · Video-Past,42,P1,outputs/five_005_conservator/prompt_control_seed42/P1/video_past/config.json,6207ac1e8d28bc56cb91d8cfcaf25ce5d0bc171517b9ccc82d6b6cdea43c2368,records/outputs/five_005_conservator/prompt_control_seed42/P1/video_past/config.json,media/videos/bac190957a00a5bce30cb7ef4794a72e55068d9998e72770e8a944598cf945c0.mp4,media/videos/f8660a1e23e9a4a21b7160b448c5b75654919920e17a300025079ead5c16e342.mp4
run_062,8,five_005_conservator,Oracle · Image-Past,42,P2,outputs/five_005_conservator/prompt_control_seed42/P2/image_past/config.json,21ea708aca073425d6b5e96e0bad293e10db1b0e84260a2aaa9afc0bc5acc124,records/outputs/five_005_conservator/prompt_control_seed42/P2/image_past/config.json,media/videos/2576dba0977cdec9a0cd8ff2c0da85f43e444fc1d15081279345f4a1818ebc2e.mp4,media/videos/f2481589bc78fea2fda96482dfd9ceacc3024d1702f2c17698b847710771926a.mp4
run_063,8,five_005_conservator,Local-only,42,P2,outputs/five_005_conservator/prompt_control_seed42/P2/local/config.json,361db1b74c145159347bbb60f513d919ac007dca516e602f4aae228289883e5c,records/outputs/five_005_conservator/prompt_control_seed42/P2/local/config.json,media/videos/008b477fe16e33c5318ca1fcbdb394a7f47d5f731ebc8037a795d381ab2d33a5.mp4,media/videos/7f0f53db63228ccd572b6e10c053fa405da803b67d79ca04861b15d6bd613581.mp4
run_064,8,five_005_conservator,Oracle · Video-Past,42,P2,outputs/five_005_conservator/prompt_control_seed42/P2/video_past/config.json,33d13149d029409b7cd8513d12c7b24957846cd6cb2382a3aa881a94ab340e99,records/outputs/five_005_conservator/prompt_control_seed42/P2/video_past/config.json,media/videos/d69f43d423d3dcbf1e25717039fd84b1cef187697649e8fb86707f1a5706aeab.mp4,media/videos/75af131e0a6489b17884e6f18e4cf88350e68dacca24387618b7fd9c8f4b5ccc.mp4
run_065,8,five_005_conservator,Oracle · Image-Past,42,P3,outputs/five_005_conservator/prompt_control_seed42/P3/image_past/config.json,3579ca50e11209b97dd00e61685e9ddbe27706eecd6b4a2da1a8bdb8f32073ee,records/outputs/five_005_conservator/prompt_control_seed42/P3/image_past/config.json,media/videos/926402f4b7b80bd4a5a8c11685c06dcce6e1b57fbf97e8753322fb45ffce6704.mp4,media/videos/672a378f906e8b07e8e957056fe35cc50096030f9ee3e88d30e907dc2090763d.mp4
run_066,8,five_005_conservator,Local-only,42,P3,outputs/five_005_conservator/prompt_control_seed42/P3/local/config.json,341f996da46db4ae3a826d13b91d09b876d64c52dc6eaa33d7e40c3f659c90e1,records/outputs/five_005_conservator/prompt_control_seed42/P3/local/config.json,media/videos/23da59dc5f63d96f58c7e733483f06006fff1d44705c11be5b3ee06e2b09d81b.mp4,media/videos/6038e210b88c9516ccf4c7ff20b78f54cdac4b6a6dd0833d2806199711052fc1.mp4
run_067,8,five_005_conservator,Oracle · Video-Past,42,P3,outputs/five_005_conservator/prompt_control_seed42/P3/video_past/config.json,938cdc63e8f69adcac292546e0bcd6c7ba9b0147962c83e4560624f9f9aa85c0,records/outputs/five_005_conservator/prompt_control_seed42/P3/video_past/config.json,media/videos/e25f5ac4fa79839e04cd40616a24f3a762956cc449d83696cfc16ddcaf97293e.mp4,media/videos/c189fd32db912baf0eb98018b54c5d267aaf26c7e42065839956ece90a4eda0e.mp4
run_068,7,five_005_conservator,Oracle · Image-Target,42,,outputs/five_005_conservator/reference_grid_seed42/image_target/config.json,00222e64203d7c39e2e0813d1b0e2517d82d2930df86406d4b3a383288a33eeb,records/outputs/five_005_conservator/reference_grid_seed42/image_target/config.json,media/videos/7d2d6115a8edc55f0869f84b809b9d9dc2962846280e800f7fa1da843b223e4d.mp4,media/videos/a3b689b42d1b25bc88cd79614200a7a20e4bc4f74de6011dfbdcdd02cdecd978.mp4
run_069,7,five_005_conservator,Oracle · Video-Past,42,,outputs/five_005_conservator/reference_grid_seed42/video_past/config.json,e38dd568f4db9e1d87bbf5d68841f44889fd121017cd784e063b69e66d5b75f6,records/outputs/five_005_conservator/reference_grid_seed42/video_past/config.json,media/videos/635ce4475e920af26526fc5c349d7de5c18443a3adfcb909c5df6b68d95f7f06.mp4,media/videos/db9bf3a04b8a6632f524c519f1086316869935d7447df8d345840b8179895ef1.mp4
run_070,7,five_005_conservator,Oracle · Video-Target,42,,outputs/five_005_conservator/reference_grid_seed42/video_target/config.json,e5ad3984828f87bffc8efda149c6c3a3e8eaaf9655b16e226bd5d6aa263b34bc,records/outputs/five_005_conservator/reference_grid_seed42/video_target/config.json,media/videos/7f1da43082db4ea7268d18855b15545eb159405c8bfffddd0f33919bfa7f5960.mp4,media/videos/16b8e2df75b2ebdd5035ef2e86883a6d462292fc8e917982be9ddc869e68c4c1.mp4
run_071,9,long_001_nursery_manager,Full-reference · H 전체,42,,outputs/long_input/seed42/long_001_nursery_manager/full_reference/config.json,d2f173cbea6035f371cae77a3aa6dda191d93615a96d98b936681ea22e2f8c3a,records/outputs/long_input/seed42/long_001_nursery_manager/full_reference/config.json,media/videos/b3a9eafe5c703e27efc41626c9063c7e60636d4d39f331d83ddd57442c69678c.mp4,media/videos/2de5b9cbd57fc5ec86fdd29abdecd8277ea703a18a3b5eb77523e55c3a4769d2.mp4
run_072,9,long_001_nursery_manager,Local-only,42,,outputs/long_input/seed42/long_001_nursery_manager/local/config.json,c9f049e064e9b0a6bbf6475cca8f292af74a9b7c0ec0c62731e2d0721bdbf1d0,records/outputs/long_input/seed42/long_001_nursery_manager/local/config.json,media/videos/c5e38ba3b1459df6ab0f3e0dd7296a7de7f52b47d3b159de2ecb269c76c45617.mp4,media/videos/d994ec45029f05c216cf3d0e146eb6873fef148934f82313d38644d779183ee8.mp4
run_073,9,long_001_nursery_manager,Native-Full · 연속 32초,42,,outputs/long_input/seed42/long_001_nursery_manager/native_full/config.json,493a6cc957a0387d5084e784be812475e01a59288f87f17ed97dd7782e5637f5,records/outputs/long_input/seed42/long_001_nursery_manager/native_full/config.json,media/videos/da9e1fb2f82a9e1028c7a37517e0b41aba7a9bac671866a12fb798c03e83099e.mp4,media/videos/ed9ec16d452325834e5025e4d15c7f59af5657d4bd0d6da482f2b9259686dbe0.mp4
run_074,9,long_001_nursery_manager,Oracle-sparse · 선택 chunk,42,,outputs/long_input/seed42/long_001_nursery_manager/oracle_sparse/config.json,e6da595fa4b0177dac292fc27862ce7f62b1a7ab2e7b58e59597d9589c62a675,records/outputs/long_input/seed42/long_001_nursery_manager/oracle_sparse/config.json,media/videos/3530d812f9ca4fa7069095fd51022f43057736481d94e413c430a05031a2b4a9.mp4,media/videos/76680350fec3174c06437f53ab979eea63d3c94c5362a455796eab1b18064ad6.mp4
run_075,9,long_001_nursery_manager,Uniform-sparse · 중앙 chunk,42,,outputs/long_input/seed42/long_001_nursery_manager/uniform_sparse/config.json,f0dd6f53305a9c8c2187a824a63fb05c0cd495ad4a690d75bf9abecae3439056,records/outputs/long_input/seed42/long_001_nursery_manager/uniform_sparse/config.json,media/videos/4279c83aef10ca0c64dcb0b9a7f11d0fc4f37f6c2b21991f920c79243724d8cf.mp4,media/videos/99c561d776a9546c187de08aa973e2da8ad65e8f97db16282e29de4ade12486d.mp4
run_076,9,long_002_robot_head,Full-reference · H 전체,42,,outputs/long_input/seed42/long_002_robot_head/full_reference/config.json,bb7787128532010907fe86cabbd2c26bc34be8e6ca666de87d8470f785268da7,records/outputs/long_input/seed42/long_002_robot_head/full_reference/config.json,media/videos/df1d9cead6f31074416a7bc6c2a0d4a33537cd97046cc911dbaf910f7a6c5fb3.mp4,media/videos/8188fe0e7b01b25ba566c75c69bc558d02f7aaa8379666708d039d36cf5563d3.mp4
run_077,9,long_002_robot_head,Local-only,42,,outputs/long_input/seed42/long_002_robot_head/local/config.json,a0afd71fd674baba7fc17eac4393e07bd7363be0970baf0c549fbe5139ec8057,records/outputs/long_input/seed42/long_002_robot_head/local/config.json,media/videos/1bb8d7c2fb496ff1f9acd24f8d58a35a228c5107ce27666fbb0d6be9c1ac5bd7.mp4,media/videos/171087f24ba6c01c57766d51435110e9c74c439a9a519b813aa25cec4fad8e1f.mp4
run_078,9,long_002_robot_head,Native-Full · 연속 32초,42,,outputs/long_input/seed42/long_002_robot_head/native_full/config.json,cc838ebc643497e0b745720e14f27d2b44ba10018b557713fb934bb3c9328677,records/outputs/long_input/seed42/long_002_robot_head/native_full/config.json,media/videos/7353b0ff45c64fd43769e5d85bf34e0e741006d556a8ee9a81cc33abfe94755b.mp4,media/videos/642978c96b4905d66270b7502d62def6841cac54330957a4cba3eb8d226b8844.mp4
run_079,9,long_002_robot_head,Oracle-sparse · 선택 chunk,42,,outputs/long_input/seed42/long_002_robot_head/oracle_sparse/config.json,5e95d548bead555baceeac9d714ba0defc00a7b0347867ad4d3a5e50ce40da79,records/outputs/long_input/seed42/long_002_robot_head/oracle_sparse/config.json,media/videos/2998f4e5a180f41f7e771b39eb7109ee7d658904b2192d2b5d872ea8e03aeed9.mp4,media/videos/c599e60269634a58fc9b4dc3cd8313fb3fd62bd5c0f6df71645e3e9bc89c956c.mp4
run_080,9,long_002_robot_head,Uniform-sparse · 중앙 chunk,42,,outputs/long_input/seed42/long_002_robot_head/uniform_sparse/config.json,80c43d66efae6a3a775830c085d3f750aed4af8f49700e78c22d8ed682186bfd,records/outputs/long_input/seed42/long_002_robot_head/uniform_sparse/config.json,media/videos/0872125833f7b095c41191be8da29e5734a93227bdebfc1d337d3c320ebb72cf.mp4,media/videos/742dab6d556cdbed8864f337cc434ac2c8d288077198a1fba9ff9f2e51d24ee7.mp4
run_081,9,long_003_student_return,Full-reference · H 전체,42,,outputs/long_input/seed42/long_003_student_return/full_reference/config.json,c4396168017ce81c1d64cb2a25bef38d442c1cb6836e020ebbc95158746bc383,records/outputs/long_input/seed42/long_003_student_return/full_reference/config.json,media/videos/090014ba272ed0463268104657a9d2be4f5fccb71a1330c4b7fce5bd80b43dcf.mp4,media/videos/ec60c0b271a8472fddbecf74185ff0f51d59d7001b08d036378a81489fa5c231.mp4
run_082,9,long_003_student_return,Local-only,42,,outputs/long_input/seed42/long_003_student_return/local/config.json,72d997a47732c1e40b61ef3f47cf49df186b96f0ca56e26bf9a63a619277b14d,records/outputs/long_input/seed42/long_003_student_return/local/config.json,media/videos/8becca4bee1f178f753d59ee295ce9a252081fb4d5622a3835fe6c3da5be99b2.mp4,media/videos/a4e6ef7e7dfd8ddb33310ed4dcc93df7fcf1b8aa8481f427ba005d0e53473b10.mp4
run_083,9,long_003_student_return,Native-Full · 연속 32초,42,,outputs/long_input/seed42/long_003_student_return/native_full/config.json,854370c567d068b31ebead119c15e53abe07efc14f4b624e9e1844dad99f8ea5,records/outputs/long_input/seed42/long_003_student_return/native_full/config.json,media/videos/1273d6a2abfab01773e25564ef3710a0b1731097ebaaa9017205094014762567.mp4,media/videos/92052c7b19420acb9a9d9fdf023470f0d990e0951be9cc14ed515a6c5849bbc7.mp4
run_084,9,long_003_student_return,Oracle-sparse · 선택 chunk,42,,outputs/long_input/seed42/long_003_student_return/oracle_sparse/config.json,095556a5c332a5cbcc88f07ba5ebf0f54bc4504fe7a3ee6f856e02d3dcc46b0a,records/outputs/long_input/seed42/long_003_student_return/oracle_sparse/config.json,media/videos/d5c336949436bf0b2e5a2b1e363a687cc2af654fad540b445ac73312f4a3f457.mp4,media/videos/198c0eb0f5abdc83e6867750b5a98c99d1ab71d5e0d63de3e54adf75466ca469.mp4
run_085,9,long_003_student_return,Uniform-sparse · 중앙 chunk,42,,outputs/long_input/seed42/long_003_student_return/uniform_sparse/config.json,6fe31556fa632bfe105117ea71c4580b7c6db4d059b3001f0f1c0ff4c301e135,records/outputs/long_input/seed42/long_003_student_return/uniform_sparse/config.json,media/videos/63df5efc815895143368c1e2f3fc808b943d194ba4fd7deef0789d0662f7b0cc.mp4,media/videos/a1eebea67a3ab1b27593783cfa5c5325c1b2d3fc091e963cae0d7da0b5c3355b.mp4
run_086,9,long_004_van_exterior,Full-reference · H 전체,42,,outputs/long_input/seed42/long_004_van_exterior/full_reference/config.json,dcc9c51d3b34a3dd44048ffb2c32a75cf41bc7fb6d86de8d0b38528818fbf3a4,records/outputs/long_input/seed42/long_004_van_exterior/full_reference/config.json,media/videos/c8bee6e7e05c4c478ea58200298849aff18147dcacf20c72b9dae83032b06846.mp4,media/videos/d0ebc73c4ea55e1d5ac01bfc326e0aeae5fe5c7cb927909293319d542d3c5d0c.mp4
run_087,9,long_004_van_exterior,Local-only,42,,outputs/long_input/seed42/long_004_van_exterior/local/config.json,c77d0ee17077550405049392827af8e5fd3fd3115c1f34a2fc0bb237e45c602b,records/outputs/long_input/seed42/long_004_van_exterior/local/config.json,media/videos/ec8dc598f89141889a34fb87d0684718ee65058fb0a7d851e6240687db3bd525.mp4,media/videos/2c0c95af3cfbf2d7acd88d5a831802b0b5f51c146f5e27339f6f2c34abac82f6.mp4
run_088,9,long_004_van_exterior,Native-Full · 연속 32초,42,,outputs/long_input/seed42/long_004_van_exterior/native_full/config.json,870e2d5cdee8a14046bb645755e0ed0e2becccefa6917fb04d46bb5a831b9ff8,records/outputs/long_input/seed42/long_004_van_exterior/native_full/config.json,media/videos/10bee2850b6969cdcada237dfa7379124ee12cb7af7be898d470fc3b7ebc2516.mp4,media/videos/42afe44e73cde450dbf46a46106b62af68aa97e532a979cb5956aeb278aa84a6.mp4
run_089,9,long_004_van_exterior,Oracle-sparse · 선택 chunk,42,,outputs/long_input/seed42/long_004_van_exterior/oracle_sparse/config.json,f58b31ce4c54de9642214cabb1e53c6c18c5bb7f6f4ab78084c97546ca00b79f,records/outputs/long_input/seed42/long_004_van_exterior/oracle_sparse/config.json,media/videos/70c85b9a27576f88ae6f2e653e8c6c9e8bd0c62331ab0723ea45b0c69f0d1b9b.mp4,media/videos/9e702cd9b19ddc405eebac754a4515ebf52e4e974fabab44872c3dab3c8de581.mp4
run_090,9,long_004_van_exterior,Uniform-sparse · 중앙 chunk,42,,outputs/long_input/seed42/long_004_van_exterior/uniform_sparse/config.json,4552bce3db8bc05eb222b605b8b89f2844a79e3be2a3414c805d9741190e0925,records/outputs/long_input/seed42/long_004_van_exterior/uniform_sparse/config.json,media/videos/afa957a0c079e3de8f23530d455656ff09768c37771984111fcebe9bc71e77f2.mp4,media/videos/0614a920bb11629be1b3eb724bf6c7c6bdb9d2f6e963cd63cfc5ab51c2c1a3dc.mp4
run_091,9,long_005_conservator,Full-reference · H 전체,42,,outputs/long_input/seed42/long_005_conservator/full_reference/config.json,95be4a6f279bb40cb1ff3047c473c5160c2be4b84779b0124ee52886486c0e94,records/outputs/long_input/seed42/long_005_conservator/full_reference/config.json,media/videos/78c483bec7a702bf57ebd00493f6453a4ae142ab9eed3ade39b6c410defa038d.mp4,media/videos/2a388b69418e617379037cc1274a235fba274bd9272e9215b1f1f99130bceb04.mp4
run_092,9,long_005_conservator,Local-only,42,,outputs/long_input/seed42/long_005_conservator/local/config.json,3b2bf00ccf8ee53367b4c57cf2c08a8b236ea23e6527141840bece0a4fe42d67,records/outputs/long_input/seed42/long_005_conservator/local/config.json,media/videos/de3ce2e267887b8b33de3bcaada8a8dffe2dd1e95861d3d4ebeedc5d43afde7b.mp4,media/videos/e537e15712d186b70d075b4ae8617666d4572b0a45a3e673d64833704916e5ff.mp4
run_093,9,long_005_conservator,Native-Full · 연속 32초,42,,outputs/long_input/seed42/long_005_conservator/native_full/config.json,b0c87f6e71e2f0a623cfb7dc6f1b5efa560de0d5c4e78aea002a234112931a65,records/outputs/long_input/seed42/long_005_conservator/native_full/config.json,media/videos/bbecc5ead06476dc5d977e6a48cb5e968f52cc2b6f2c3ebee6c6998d99221f15.mp4,media/videos/f1f8928e73b5caa93bdb50038e431b89651e65d1290005352e267ddc49501f1d.mp4
run_094,9,long_005_conservator,Oracle-sparse · 선택 chunk,42,,outputs/long_input/seed42/long_005_conservator/oracle_sparse/config.json,dd2c011b32f1e45ea5b2427e84f8f7f4d120d62f7129622be3927ae11b47dab1,records/outputs/long_input/seed42/long_005_conservator/oracle_sparse/config.json,media/videos/5b77819b62c0875f1a12166d7d992e5e0d2e1ac5d707e335aef449e73d2da652.mp4,media/videos/5e112ddc8efcaff0568d8b6601f7026d3f7f52af3ac2e9d98a3ecb9f308d17b2.mp4
run_095,9,long_005_conservator,Uniform-sparse · 중앙 chunk,42,,outputs/long_input/seed42/long_005_conservator/uniform_sparse/config.json,3f8482b18b922e8cfe460352c6d13bee928ae452099c2116030537b59392700a,records/outputs/long_input/seed42/long_005_conservator/uniform_sparse/config.json,media/videos/fd00c81af42b0b4795a651c08e681e508dc59a0d403565ba7bd09e48b1ec87d4.mp4,media/videos/f476b86e4f204a1b01717dddffecdd54fa02aba75c05dc727e41264245291136.mp4
run_096,1,pilot_000_local_cooking,Local-only,42,,outputs/pilot_000_local_cooking/local_seed42/config.json,3c225faee0d60d156eca3fb1f2ec257213be94d86b7d86e96e612917a133d723,records/outputs/pilot_000_local_cooking/local_seed42/config.json,media/videos/a5d38af5a97e257c30fb33f6c3358f743ba77c32fa4a57de1c5c4f8ed20db533.mp4,media/videos/a25d71625b8fa404ea1e2d80ef79350eb6edf63b9fa7ffe538892fdbc261d741.mp4
run_097,4,pilot_001_interview_return,B · 이미지 · repeat_same,42,,outputs/pilot_001_interview_return/reference_format_seed42/B_repeat_same/config.json,45c896f0ca3c1230c6a27f7369b61f374a0c3eca02ae1888845e2fc38d3e269c,records/outputs/pilot_001_interview_return/reference_format_seed42/B_repeat_same/config.json,media/videos/0250aa4ebc35217b0d31aafa17d6972c388e1e2fed7d4282cc3b309851153e11.mp4,media/videos/ab3b677097c4bb0450491ed4cc75a155325e662abe45c61f8b6bfa853e031a85.mp4
run_098,4,pilot_001_interview_return,C · 이미지 · repeat_spread,42,,outputs/pilot_001_interview_return/reference_format_seed42/C_repeat_spread/config.json,aa629763171019ed761abe178061e7e432366f1f8f541e9a736df08c338a223b,records/outputs/pilot_001_interview_return/reference_format_seed42/C_repeat_spread/config.json,media/videos/a167f8a2d84338bf951513e83da91338a33fd2874488030d14d40a80c20d933d.mp4,media/videos/78ee771b015f5de9ff8bf204cdfc01a328f4aa7aec203bd1d71602c0396606be.mp4
run_099,4,pilot_001_interview_return,D · 영상 · video_same,42,,outputs/pilot_001_interview_return/reference_format_seed42/D_video_same/config.json,65b436b47aa3a1e7cfc7e494ec78f5b85dc74b12eb86041d9b7d23c8ea0649dc,records/outputs/pilot_001_interview_return/reference_format_seed42/D_video_same/config.json,media/videos/04d83e11029ce8f5c104f97ad04f43fa4c3a7e4f990e09feb1ab72604a90b53f.mp4,media/videos/5d1580a64964a07b894b1dc9af51beed2bbadc6bea6f556d2a7ac50794b78995.mp4
run_100,2,pilot_001_interview_return,Local-only,42,,outputs/pilot_001_interview_return/reference_past_seed42/local/config.json,dd32eecb2e745fbec3de1aba5f750b9b7ce36e62c10eb0a0f8c03f4f1b87cd0e,records/outputs/pilot_001_interview_return/reference_past_seed42/local/config.json,media/videos/7f0b380e4b84131e77665af5590d20c12f9bc53b8b78be8d5964549fa01e6505.mp4,media/videos/1c197381b49f71849e0cbbddf6f95c352d60556857cb3d85a3fcf1505013f373.mp4
run_101,2,pilot_001_interview_return,Oracle · Video-Past,42,,outputs/pilot_001_interview_return/reference_past_seed42/oracle/config.json,e4d23c730f96a10a980540864d359ecb8f63e9cd275308993e4cbc3190628dc6,records/outputs/pilot_001_interview_return/reference_past_seed42/oracle/config.json,media/videos/3774a92f6f2bc3a14a2eb0685c0f90ad97a775a303e73b61f8e830204960130c.mp4,media/videos/0b565ba03735f16e565e2a0ff47b31941fbeaf375bc427271710610bbdc9c6d3.mp4
run_102,2,pilot_001_interview_return,Random · Video-Past,42,,outputs/pilot_001_interview_return/reference_past_seed42/random/config.json,6488d2421f808f4284d6829a30f0fbf5d283c53b40038eeafa9d239801c5b845,records/outputs/pilot_001_interview_return/reference_past_seed42/random/config.json,media/videos/f0900be127f64e223bc30ace1a8f31b0bb136f70faadac3791b77d1fc6a1cd35.mp4,media/videos/df1bca748e1111c7c966ba612cd4bae698ba640644e58be892d7cd7d67468d46.mp4
run_103,5,pilot_001_interview_return,N2 · 이미지 · repeat_2,42,,outputs/pilot_001_interview_return/reference_repetition_seed42/repeat_2/config.json,3d3895eab1f7e55b579aeffbe37fd9d99971e5ce8fcffe6e28b8ee6590626c89,records/outputs/pilot_001_interview_return/reference_repetition_seed42/repeat_2/config.json,media/videos/c56ae6dab40044c40ae0958a8b390b69f359b8b7691417ea98bce005b5663530.mp4,media/videos/7de3807a5114037387418225387614c9dbfec9ae2cd5b1fcf1407e595321b813.mp4
run_104,5,pilot_001_interview_return,N4 · 이미지 · repeat_4,42,,outputs/pilot_001_interview_return/reference_repetition_seed42/repeat_4/config.json,c384b6be7515c07a66d314dce66c0c1e8a5a18b1192049d85b15a5c4668571bf,records/outputs/pilot_001_interview_return/reference_repetition_seed42/repeat_4/config.json,media/videos/31f33ad1cc29ce24b3a5c6eb892e047e16eec651565897679673aeff948c9584.mp4,media/videos/7daf8f1e29874871e3ef9fbf603baf5903ac1ed756575258629236ef1c601d2f.mp4
run_105,2,pilot_001_interview_return,Local-only,42,,outputs/pilot_001_interview_return/reference_target_guide_seed42/local/config.json,176337e80f97f71322e478af9e2f222b8a622d614d3d8a3954d80e9c7fcaf634,records/outputs/pilot_001_interview_return/reference_target_guide_seed42/local/config.json,media/videos/7f0b380e4b84131e77665af5590d20c12f9bc53b8b78be8d5964549fa01e6505.mp4,media/videos/1c197381b49f71849e0cbbddf6f95c352d60556857cb3d85a3fcf1505013f373.mp4
run_106,2,pilot_001_interview_return,Oracle · Image-Target,42,,outputs/pilot_001_interview_return/reference_target_guide_seed42/oracle/config.json,7fe29fc6901bb1859cc784e5f3bba7bc2bbc1f04a34e50f81365857dd6c76d01,records/outputs/pilot_001_interview_return/reference_target_guide_seed42/oracle/config.json,media/videos/ec364bce82901bf19f164d14c8fe0d01de50f4c914ee68336da899b91fd3ea2d.mp4,media/videos/959f9c9a584b35c0ddb9f649eb2afa739cd3d665f958c3941f7a713ad0024423.mp4
run_107,2,pilot_001_interview_return,Random · Image-Target,42,,outputs/pilot_001_interview_return/reference_target_guide_seed42/random/config.json,586b662e7afc3cd19abb4a2c827e5327bb4cf568bf1ad777a4682269d1ed4ab1,records/outputs/pilot_001_interview_return/reference_target_guide_seed42/random/config.json,media/videos/82b4a38a8b219ac4450d6954d659140d1d7f52bb9a3005cd98e90b14f1e663cc.mp4,media/videos/054805d783d3b826f507e150116ae773d3fd24be0ae8a6f878a73a809dc8627e.mp4
run_108,3,pilot_001_interview_return,Oracle · Image-Past,42,,outputs/pilot_001_interview_return/temporal_position_seed42/image_past/config.json,006335e073c3858164e1e876719acf97c64dd74e754dfbc0fc684a56340af038,records/outputs/pilot_001_interview_return/temporal_position_seed42/image_past/config.json,media/videos/f0b98754bd57eb4e87c1bcac513f3b3a6316cdfd74217c30f70ddf521d8ed4cb.mp4,media/videos/8ae56e41d7d914801c41e1e751c8a7a14593f17b9370792a67b48e36c54578a9.mp4
run_109,3,pilot_001_interview_return,Oracle · Video-Target,42,,outputs/pilot_001_interview_return/temporal_position_seed42/video_target/config.json,e0f7b7550de6bd004f67611e6b18f979f421751f19868a60bbba94b14c08b913,records/outputs/pilot_001_interview_return/temporal_position_seed42/video_target/config.json,media/videos/a72b426bda76fc1f2e382d15eb7162cb3e8e0913f848b2b8e587b7c8bf952d3b.mp4,media/videos/833478109679e2a5ad8bd897b2e18cc101a4025362f0028e85080965cfe13b8f.mp4
run_110,3,pilot_001_interview_return,Oracle · Image-Past,43,,outputs/pilot_001_interview_return/temporal_position_seed43/image_past/config.json,bbcbd861eeb828d31f42be7db0d55a90c81723db19e9199be6adf978674c6110,records/outputs/pilot_001_interview_return/temporal_position_seed43/image_past/config.json,media/videos/7c6ce02dbdd7c3b57b9415f5bd37a76365a0cfe21874d4d110f1bb78dda9bacd.mp4,media/videos/2266882efd21b4ef7f5ba8ee8be0923e4451b764592702c9cde518e7594ac07d.mp4
run_111,3,pilot_001_interview_return,Oracle · Image-Target,43,,outputs/pilot_001_interview_return/temporal_position_seed43/image_target/config.json,5a998eae606a3b897cdf901865f9606d6045b6b9fe791ed73610c658446e6752,records/outputs/pilot_001_interview_return/temporal_position_seed43/image_target/config.json,media/videos/68c0b8b35183f8318d4f2aa987db9916eab6e5bcf11b3a9a679020adb04be355.mp4,media/videos/da5e030393476cf2c878893dca35e6e9a268aa86aa0514ff33e905baf9c13204.mp4
run_112,3,pilot_001_interview_return,Oracle · Video-Past,43,,outputs/pilot_001_interview_return/temporal_position_seed43/video_past/config.json,c8a449d0f8c5468764b6809e123d742f28690b233aad693b46e0e8992fce0964,records/outputs/pilot_001_interview_return/temporal_position_seed43/video_past/config.json,media/videos/3e6e03478f0ec4a8db09d2c235d907ed95972b0e32b0186fb04b27558d01ba58.mp4,media/videos/4a263e16cefbad69577c01d1f470b7cc9d3fa1d277e131d3bef8ffe477b3ee1b.mp4
run_113,3,pilot_001_interview_return,Oracle · Video-Target,43,,outputs/pilot_001_interview_return/temporal_position_seed43/video_target/config.json,a8f19411a3ccf93c81c65afa0485ba953d10a46be2d662a2562f3549bce157ab,records/outputs/pilot_001_interview_return/temporal_position_seed43/video_target/config.json,media/videos/4bf2aee62bb74f616dbd3a9ee43b61c369a455245ca232d6e4036e500993400a.mp4,media/videos/fdf262804bd87fe5251a67a1fdee4ea198e1763a5b741bc0beded588947995f4.mp4
run_114,3,pilot_001_interview_return,Oracle · Image-Past,44,,outputs/pilot_001_interview_return/temporal_position_seed44/image_past/config.json,56946b936a6cd1498774133e7ad4cc54f2bd8644bff1efc69be1b96fdabb660d,records/outputs/pilot_001_interview_return/temporal_position_seed44/image_past/config.json,media/videos/8c9d1bbf7543fc56df9345ec187982361798a7cf0475a5826cf79fb4d64fe640.mp4,media/videos/db8c331f6f4fa761c5f2bbe25a4950328c401b0f3ae2cc93efa152b21385d648.mp4
run_115,3,pilot_001_interview_return,Oracle · Image-Target,44,,outputs/pilot_001_interview_return/temporal_position_seed44/image_target/config.json,80e72c688f86b81397e10dc6f58f66c8d02cd9df523899708119f083e8951ee8,records/outputs/pilot_001_interview_return/temporal_position_seed44/image_target/config.json,media/videos/d97069c34d42435143ccab5790a3f8d2b44a6689be9c0da0c5250464f1d946b2.mp4,media/videos/b32acde5ce686f71966781043db0c4b3b2efe47ba5be1102927900e0ca0f1c19.mp4
run_116,3,pilot_001_interview_return,Oracle · Video-Past,44,,outputs/pilot_001_interview_return/temporal_position_seed44/video_past/config.json,cf54472d902a4a6a34dd9e1d934a55a75e1850cdc0adac2b0306d308786e193f,records/outputs/pilot_001_interview_return/temporal_position_seed44/video_past/config.json,media/videos/fc064360c6e0fab63449bdf8d540f920b2246ca18226c01be1c019bbb6110a5e.mp4,media/videos/86f7b154df525dd6b95977ea859d233575aef6978af487dd803384c871262469.mp4
run_117,3,pilot_001_interview_return,Oracle · Video-Target,44,,outputs/pilot_001_interview_return/temporal_position_seed44/video_target/config.json,2e9f7797f77a1684154b2ee8689cc6562212d0f29a98b2fd77071172b1689f98,records/outputs/pilot_001_interview_return/temporal_position_seed44/video_target/config.json,media/videos/bbf0815cbaae0461cc1beb5a6051528852c8be304c4e867b162124f380b92bf6.mp4,media/videos/8513879a371d723620f97550bcac4d0cd2795ea7a00c79fc89400bd72fbc5254.mp4
run_118,2,pilot_002_interview_return,Local-only,42,,outputs/pilot_002_interview_return/reference_past_seed42/local/config.json,5556ed09456d88e90e8af2a8b97fe3a38f4c8d4f242fe24ff313e1f9951e760b,records/outputs/pilot_002_interview_return/reference_past_seed42/local/config.json,media/videos/1124f1fda3fb8716812c0f89c9690b72e618508dd4dccc4b940132656c935129.mp4,media/videos/dfe6fa4f2a99b0e5fb320eda06dc0ecf9ac5ae0685213065c2a6dec0d3db1cca.mp4
run_119,2,pilot_002_interview_return,Oracle · Video-Past,42,,outputs/pilot_002_interview_return/reference_past_seed42/oracle/config.json,63368de967091a4c47c87ea773c066d81167c3051805c592fe9af0236eae61a4,records/outputs/pilot_002_interview_return/reference_past_seed42/oracle/config.json,media/videos/03930bc441084100af27765467f00bb6ab1767e0649d5feaa77ee3295fbf107b.mp4,media/videos/df5e7bfa315d1b9ae6ee491afe6e79c78a44e619a550186ef116c1a0b74e98cd.mp4
run_120,2,pilot_002_interview_return,Random · Video-Past,42,,outputs/pilot_002_interview_return/reference_past_seed42/random/config.json,e35eb246f2f537c505f1f21e1aa83bd71403d11a916f0816ee50c2bcd84c22dd,records/outputs/pilot_002_interview_return/reference_past_seed42/random/config.json,media/videos/1130b6c99284b049dd135634f72d4f508e0c49c58b622b423b14db9cef363fd2.mp4,media/videos/1d92f13e6c32a58527aa18c14ea640bf61df8028ddea1e5abbb22d00a00bff8f.mp4
